12,,,,,,,,,,,
4,,,,,,,,,,,
24,,,,,,,,,,,
0.5,,,,,,,,,,,
3,6,6,4,,,,,,,,
1,2,5,9,,,,,,,,
3,7,10,12,,,,,,,,
3,6,6,4,,,,,,,,
1,2,5,9,,,,,,,,
3,7,10,12,,,,,,,,
12.417022,0.720324493,0.000114375,0.302332573,0.146755891,0.092338595,0.186260211,0.345560727,0.396767474,0.538816734,0.419194514,0.6852195
0.20445225,12.87811744,0.027387593,0.67046751,0.417304802,0.558689828,0.140386939,0.198101489,0.800744569,0.968261576,0.313424178,0.692322616
0.876389152,0.894606664,12.08504421,0.039054783,0.16983042,0.878142503,0.098346834,0.421107625,0.95788953,0.533165285,0.691877114,0.315515631
0.686500928,0.834625672,0.018288277,12.75014431,0.988861089,0.748165654,0.280443992,0.789279328,0.103226007,0.447893526,0.908595503,0.293614148
0.287775339,0.130028572,0.019366958,0.678835533,12.21162812,0.265546659,0.491573159,0.053362545,0.574117605,0.146728575,0.589305537,0.69975836
0.102334429,0.414055988,0.694400158,0.41417927,0.049953459,12.53589641,0.663794645,0.514889112,0.944594756,0.586555041,0.903401915,0.137474704
0.139276347,0.807391289,0.397676837,0.165354197,0.92750858,0.34776586,12.7508121,0.725997985,0.883306091,0.623672207,0.750942434,0.348898342
0.269927892,0.895886218,0.42809119,0.964840047,0.663441498,0.62169572,0.114745973,12.94948926,0.449912133,0.578389614,0.408136803,0.23702698
0.903379521,0.573679487,0.002870327,0.617144914,0.326644902,0.527058102,0.885942099,0.35726976,12.90853515,0.623360116,0.015821243,0.929437234
0.690896918,0.99732285,0.172340508,0.13713575,0.932595463,0.696818161,0.066000173,0.755463053,0.753876188,12.92302454,0.711524759,0.124270962
0.019880134,0.026210987,0.028306488,0.246211068,0.860027949,0.538831064,0.552821979,0.842030892,0.124173315,0.279183679,12.58575927,0.969595748
0.561030219,0.018647289,0.800632673,0.232974274,0.807105196,0.387860644,0.863541855,0.747121643,0.556240234,0.136455226,0.05991769,12.12134346
0.044551879,,,,,,,,,,,
0.107494129,,,,,,,,,,,
0.225709339,,,,,,,,,,,
0.71298898,,,,,,,,,,,
0.559716982,,,,,,,,,,,
0.01255598,,,,,,,,,,,
0.07197428,,,,,,,,,,,
0.96727633,,,,,,,,,,,
0.568100462,,,,,,,,,,,
0.203293235,,,,,,,,,,,
0.252325745,,,,,,,,,,,
0.743825854,,,,,,,,,,,
0.1,,,,,,,,,,,
0.350545979,,,,,,,,,,,
-1.312283411,,,,,,,,,,,
-0.038695509,,,,,,,,,,,
-1.615772355,,,,,,,,,,,
1.121417708,,,,,,,,,,,
0.408900538,,,,,,,,,,,
-0.024616956,,,,,,,,,,,
-0.775161619,,,,,,,,,,,
1.27375593,,,,,,,,,,,
1.967101749,,,,,,,,,,,
-1.857981864,,,,,,,,,,,
1.23616403,,,,,,,,,,,
1.627650753,,,,,,,,,,,
0.338011697,,,,,,,,,,,
-1.199268032,,,,,,,,,,,
0.863345318,,,,,,,,,,,
-0.180920302,,,,,,,,,,,
-0.603920628,,,,,,,,,,,
-1.230058136,,,,,,,,,,,
0.550537496,,,,,,,,,,,
0.792806866,,,,,,,,,,,
-0.62353073,,,,,,,,,,,
0.520576337,,,,,,,,,,,
-1.14434139,,,,,,,,,,,
0.801861032,,,,,,,,,,,
0.046567298,,,,,,,,,,,
-0.186569772,,,,,,,,,,,
-0.101745873,,,,,,,,,,,
0.868886157,,,,,,,,,,,
0.75041164,,,,,,,,,,,
0.529465324,,,,,,,,,,,
0.13770121,,,,,,,,,,,
0.077821128,,,,,,,,,,,
0.618380262,,,,,,,,,,,
0.232494559,,,,,,,,,,,
0.682551407,,,,,,,,,,,
-0.310116774,,,,,,,,,,,
-2.434837764,,,,,,,,,,,
1.038824602,,,,,,,,,,,
2.186979647,,,,,,,,,,,
0.441364444,,,,,,,,,,,
-0.100155233,,,,,,,,,,,
-0.136444744,,,,,,,,,,,
-0.119054188,,,,,,,,,,,
0.017409408,,,,,,,,,,,
-1.122018729,,,,,,,,,,,
-0.517094458,,,,,,,,,,,
-0.997026828,,,,,,,,,,,
0.248799161,,,,,,,,,,,
-0.296641152,,,,,,,,,,,
0.495211324,,,,,,,,,,,
-0.17470316,,,,,,,,,,,
0.986335188,,,,,,,,,,,
0.213533901,,,,,,,,,,,
2.190699729,,,,,,,,,,,
-1.896360923,,,,,,,,,,,
-0.646916688,,,,,,,,,,,
0.901486892,,,,,,,,,,,
2.528325707,,,,,,,,,,,
-0.248634778,,,,,,,,,,,
0.043668993,,,,,,,,,,,
-0.226314243,,,,,,,,,,,
1.331457113,,,,,,,,,,,
-0.287307863,,,,,,,,,,,
0.68006984,,,,,,,,,,,
-0.319801599,,,,,,,,,,,
-1.272558755,,,,,,,,,,,
0.31354772,,,,,,,,,,,
0.503184813,,,,,,,,,,,
1.293225883,,,,,,,,,,,
-0.110447026,,,,,,,,,,,
-0.617362064,,,,,,,,,,,
0.562761097,,,,,,,,,,,
0.240737092,,,,,,,,,,,
0.280665077,,,,,,,,,,,
-0.073112704,,,,,,,,,,,
1.16033857,,,,,,,,,,,
0.369492716,,,,,,,,,,,
1.904658708,,,,,,,,,,,
1.111056699,,,,,,,,,,,
0.659049796,,,,,,,,,,,
-1.627438341,,,,,,,,,,,
0.60231928,,,,,,,,,,,
0.420282204,,,,,,,,,,,
0.810951673,,,,,,,,,,,
1.044442095,,,,,,,,,,,
-0.400878192,,,,,,,,,,,
0.824005618,,,,,,,,,,,
-0.562305431,,,,,,,,,,,
1.954878075,,,,,,,,,,,
-1.331951667,,,,,,,,,,,
-1.76068856,,,,,,,,,,,
-1.650721266,,,,,,,,,,,
-0.890555584,,,,,,,,,,,
-1.119115399,,,,,,,,,,,
1.956078904,,,,,,,,,,,
-0.326499498,,,,,,,,,,,
-1.342675789,,,,,,,,,,,
1.114382977,,,,,,,,,,,
-0.586523939,,,,,,,,,,,
-1.236853377,,,,,,,,,,,
0.875838928,,,,,,,,,,,
0.623362177,,,,,,,,,,,
-0.434956683,,,,,,,,,,,
1.40754,,,,,,,,,,,
0.12910158,,,,,,,,,,,
1.616949599,,,,,,,,,,,
0.502740882,,,,,,,,,,,
1.558805541,,,,,,,,,,,
0.109402696,,,,,,,,,,,
-1.219744397,,,,,,,,,,,
2.449368649,,,,,,,,,,,
-0.545774168,,,,,,,,,,,
-0.198837863,,,,,,,,,,,
-0.700398505,,,,,,,,,,,
-0.203394449,,,,,,,,,,,
0.242669441,,,,,,,,,,,
0.201830179,,,,,,,,,,,
0.661020288,,,,,,,,,,,
1.792158209,,,,,,,,,,,
-0.120464572,,,,,,,,,,,
-1.233120735,,,,,,,,,,,
-1.182318127,,,,,,,,,,,
-0.665754518,,,,,,,,,,,
-1.674195808,,,,,,,,,,,
0.825029824,,,,,,,,,,,
-0.498213564,,,,,,,,,,,
-0.310984978,,,,,,,,,,,
-0.001891483,,,,,,,,,,,
-1.396620425,,,,,,,,,,,
-0.861316361,,,,,,,,,,,
0.674711526,,,,,,,,,,,
0.618539131,,,,,,,,,,,
-0.443171931,,,,,,,,,,,
1.810534914,,,,,,,,,,,
-1.305726923,,,,,,,,,,,
-0.34498721,,,,,,,,,,,
-0.230839743,,,,,,,,,,,
-2.793085,,,,,,,,,,,
1.937528814,,,,,,,,,,,
0.366332015,,,,,,,,,,,
-1.044589382,,,,,,,,,,,
2.051173443,,,,,,,,,,,
0.585662,,,,,,,,,,,
0.42952614,,,,,,,,,,,
-0.606998398,,,,,,,,,,,
0.106222724,,,,,,,,,,,
-1.525680316,,,,,,,,,,,
0.795026094,,,,,,,,,,,
-0.374438319,,,,,,,,,,,
0.134048197,,,,,,,,,,,
1.202054862,,,,,,,,,,,
0.284748111,,,,,,,,,,,
0.262467445,,,,,,,,,,,
0.276499305,,,,,,,,,,,
-0.733271604,,,,,,,,,,,
0.836004719,,,,,,,,,,,
1.543359111,,,,,,,,,,,
0.75880566,,,,,,,,,,,
0.884908814,,,,,,,,,,,
-0.877281519,,,,,,,,,,,
-0.867787223,,,,,,,,,,,
-1.440876024,,,,,,,,,,,
1.232253071,,,,,,,,,,,
-0.254179868,,,,,,,,,,,
1.399843942,,,,,,,,,,,
-0.781911683,,,,,,,,,,,
-0.437508983,,,,,,,,,,,
0.095425087,,,,,,,,,,,
0.921450069,,,,,,,,,,,
0.060750196,,,,,,,,,,,
0.211124755,,,,,,,,,,,
0.016527567,,,,,,,,,,,
0.17718772,,,,,,,,,,,
-1.116470018,,,,,,,,,,,
0.080927101,,,,,,,,,,,
-0.186578994,,,,,,,,,,,
-0.056824481,,,,,,,,,,,
0.492336556,,,,,,,,,,,
-0.680678141,,,,,,,,,,,
-0.084508027,,,,,,,,,,,
-0.297361883,,,,,,,,,,,
0.417302005,,,,,,,,,,,
0.784770651,,,,,,,,,,,
-0.955425262,,,,,,,,,,,
0.585910431,,,,,,,,,,,
2.06578332,,,,,,,,,,,
-1.471156926,,,,,,,,,,,
-0.830171895,,,,,,,,,,,
-0.8805776,,,,,,,,,,,
-0.279097722,,,,,,,,,,,
1.622849086,,,,,,,,,,,
0.013352676,,,,,,,,,,,
-0.694693595,,,,,,,,,,,
0.621803504,,,,,,,,,,,
-0.599804531,,,,,,,,,,,
1.123412162,,,,,,,,,,,
0.30526704,,,,,,,,,,,
1.388779396,,,,,,,,,,,
-0.661344243,,,,,,,,,,,
3.030857112,,,,,,,,,,,
0.824584625,,,,,,,,,,,
0.654580153,,,,,,,,,,,
-0.051188448,,,,,,,,,,,
-0.725597119,,,,,,,,,,,
-0.867768678,,,,,,,,,,,
-0.135977326,,,,,,,,,,,
-0.797269785,,,,,,,,,,,
0.282675712,,,,,,,,,,,
-0.826097432,,,,,,,,,,,
0.621082701,,,,,,,,,,,
0.956121704,,,,,,,,,,,
-0.705840507,,,,,,,,,,,
1.192686068,,,,,,,,,,,
-0.237941936,,,,,,,,,,,
1.155287886,,,,,,,,,,,
0.438166347,,,,,,,,,,,
1.122328322,,,,,,,,,,,
-0.997019796,,,,,,,,,,,
-0.106793987,,,,,,,,,,,
1.451429261,,,,,,,,,,,
-0.618036848,,,,,,,,,,,
-2.037201226,,,,,,,,,,,
-1.942589181,,,,,,,,,,,
-2.506440653,,,,,,,,,,,
-2.114163922,,,,,,,,,,,
-0.411639163,,,,,,,,,,,
1.278528083,,,,,,,,,,,
-0.44222928,,,,,,,,,,,
0.323527354,,,,,,,,,,,
-0.10999149,,,,,,,,,,,
0.008548945,,,,,,,,,,,
-0.16819884,,,,,,,,,,,
-0.174180344,,,,,,,,,,,
0.4611641,,,,,,,,,,,
-1.175982671,,,,,,,,,,,
1.010127177,,,,,,,,,,,
0.920017933,,,,,,,,,,,
-0.195057341,,,,,,,,,,,
0.805393424,,,,,,,,,,,
-0.701344426,,,,,,,,,,,
-0.537223024,,,,,,,,,,,
0.15626385,,,,,,,,,,,
-0.190221025,,,,,,,,,,,
-0.448738033,,,,,,,,,,,
-0.672448039,,,,,,,,,,,
-0.557494722,,,,,,,,,,,
0.939168744,,,,,,,,,,,
-1.943323406,,,,,,,,,,,
0.352494364,,,,,,,,,,,
-0.236436952,,,,,,,,,,,
0.7278135,,,,,,,,,,,
0.515073614,,,,,,,,,,,
-2.782534468,,,,,,,,,,,
0.58464661,,,,,,,,,,,
0.324274243,,,,,,,,,,,
0.021862837,,,,,,,,,,,
-0.468673816,,,,,,,,,,,
0.853281222,,,,,,,,,,,
-0.41302931,,,,,,,,,,,
1.834717627,,,,,,,,,,,
0.564382855,,,,,,,,,,,
2.137828067,,,,,,,,,,,
-0.785533997,,,,,,,,,,,
-1.75592564,,,,,,,,,,,
0.714789597,,,,,,,,,,,
0.852704062,,,,,,,,,,,
0.035360097,,,,,,,,,,,
-1.538793246,,,,,,,,,,,
-0.447895185,,,,,,,,,,,
0.617985534,,,,,,,,,,,
-0.184176326,,,,,,,,,,,
-0.115985185,,,,,,,,,,,
-0.175458969,,,,,,,,,,,
-0.933914656,,,,,,,,,,,
-0.533020326,,,,,,,,,,,
-1.426555421,,,,,,,,,,,
1.767959948,,,,,,,,,,,
-0.475372875,,,,,,,,,,,
0.477610182,,,,,,,,,,,
-1.021885945,,,,,,,,,,,
0.79452824,,,,,,,,,,,
-1.873160978,,,,,,,,,,,
0.920615118,,,,,,,,,,,
-0.035367925,,,,,,,,,,,
2.110605054,,,,,,,,,,,
-1.306534073,,,,,,,,,,,
0.07638048,,,,,,,,,,,
0.367231814,,,,,,,,,,,
1.232899192,,,,,,,,,,,
-0.422856961,,,,,,,,,,,
0.086464407,,,,,,,,,,,
-2.142466729,,,,,,,,,,,
-0.830168864,,,,,,,,,,,
0.451615951,,,,,,,,,,,
1.104174326,,,,,,,,,,,
-0.281736269,,,,,,,,,,,
2.056355523,,,,,,,,,,,
1.760249226,,,,,,,,,,,
-0.060652492,,,,,,,,,,,
-2.413503001,,,,,,,,,,,
-1.777566376,,,,,,,,,,,
-0.777858827,,,,,,,,,,,
1.115841108,,,,,,,,,,,
0.310272288,,,,,,,,,,,
-2.094247816,,,,,,,,,,,
-0.228765829,,,,,,,,,,,
1.613361375,,,,,,,,,,,
-0.374804687,,,,,,,,,,,
-0.749969617,,,,,,,,,,,
2.054624103,,,,,,,,,,,
0.053409537,,,,,,,,,,,
-0.479157099,,,,,,,,,,,
0.350167159,,,,,,,,,,,
0.017164726,,,,,,,,,,,
-0.429142278,,,,,,,,,,,
1.208456329,,,,,,,,,,,
1.115701803,,,,,,,,,,,
0.840861558,,,,,,,,,,,
-0.102887218,,,,,,,,,,,
1.146900376,,,,,,,,,,,
-0.049702579,,,,,,,,,,,
0.466643267,,,,,,,,,,,
1.033686868,,,,,,,,,,,
0.80884436,,,,,,,,,,,
1.789754683,,,,,,,,,,,
0.451284016,,,,,,,,,,,
-1.684059986,,,,,,,,,,,
-1.160170105,,,,,,,,,,,
1.350106819,,,,,,,,,,,
-0.33128317,,,,,,,,,,,
0.386539145,,,,,,,,,,,
-0.851455657,,,,,,,,,,,
1.000881424,,,,,,,,,,,
-0.384832249,,,,,,,,,,,
1.458108239,,,,,,,,,,,
-0.532234021,,,,,,,,,,,
1.118133397,,,,,,,,,,,
0.674396105,,,,,,,,,,,
-0.722391905,,,,,,,,,,,
1.098996333,,,,,,,,,,,
-0.90163449,,,,,,,,,,,
-0.822467189,,,,,,,,,,,
0.721711292,,,,,,,,,,,
-0.625342001,,,,,,,,,,,
-0.593843067,,,,,,,,,,,
-0.343900709,,,,,,,,,,,
-1.00016919,,,,,,,,,,,
1.04499441,,,,,,,,,,,
0.608514698,,,,,,,,,,,
-0.069328697,,,,,,,,,,,
-0.108392067,,,,,,,,,,,
0.450155513,,,,,,,,,,,
1.765335101,,,,,,,,,,,
0.870969803,,,,,,,,,,,
-0.508457134,,,,,,,,,,,
0.777419205,,,,,,,,,,,
-0.118771172,,,,,,,,,,,
-0.198998184,,,,,,,,,,,
1.866471375,,,,,,,,,,,
-0.418937898,,,,,,,,,,,
-0.479184915,,,,,,,,,,,
-1.952105287,,,,,,,,,,,
-1.402329145,,,,,,,,,,,
0.451122939,,,,,,,,,,,
-0.694920901,,,,,,,,,,,
0.515413802,,,,,,,,,,,
-1.114871052,,,,,,,,,,,
-0.767309826,,,,,,,,,,,
0.674570707,,,,,,,,,,,
1.46089238,,,,,,,,,,,
0.592472801,,,,,,,,,,,
1.197830842,,,,,,,,,,,
1.704594171,,,,,,,,,,,
1.040089153,,,,,,,,,,,
-0.918440038,,,,,,,,,,,
-0.105344713,,,,,,,,,,,
0.630195671,,,,,,,,,,,
-0.414846901,,,,,,,,,,,
0.451946037,,,,,,,,,,,
-1.579156285,,,,,,,,,,,
-0.828627979,,,,,,,,,,,
0.528879746,,,,,,,,,,,
-2.237086511,,,,,,,,,,,
-1.107712502,,,,,,,,,,,
-0.017718318,,,,,,,,,,,
-1.719394475,,,,,,,,,,,
0.057120996,,,,,,,,,,,
-0.799547491,,,,,,,,,,,
-0.291594596,,,,,,,,,,,
-0.258982853,,,,,,,,,,,
0.189293198,,,,,,,,,,,
-0.563788735,,,,,,,,,,,
0.089686407,,,,,,,,,,,
-0.601156801,,,,,,,,,,,
0.55607351,,,,,,,,,,,
1.693809113,,,,,,,,,,,
0.196869779,,,,,,,,,,,
0.169869255,,,,,,,,,,,
-1.164007971,,,,,,,,,,,
0.693366226,,,,,,,,,,,
-0.758067329,,,,,,,,,,,
-0.808847196,,,,,,,,,,,
0.557439453,,,,,,,,,,,
0.181038744,,,,,,,,,,,
1.107175451,,,,,,,,,,,
1.442876928,,,,,,,,,,,
-0.539681562,,,,,,,,,,,
0.12837699,,,,,,,,,,,
1.760415184,,,,,,,,,,,
0.96653925,,,,,,,,,,,
0.71304905,,,,,,,,,,,
1.306206065,,,,,,,,,,,
-0.604602969,,,,,,,,,,,
0.636583409,,,,,,,,,,,
1.409253389,,,,,,,,,,,
1.620912286,,,,,,,,,,,
-0.806184817,,,,,,,,,,,
-0.251674208,,,,,,,,,,,
0.382715174,,,,,,,,,,,
-0.288997343,,,,,,,,,,,
-0.39181624,,,,,,,,,,,
0.684001328,,,,,,,,,,,
-0.353409983,,,,,,,,,,,
-1.787912891,,,,,,,,,,,
0.361847316,,,,,,,,,,,
-0.424492791,,,,,,,,,,,
-0.731530982,,,,,,,,,,,
-1.565738151,,,,,,,,,,,
1.013822467,,,,,,,,,,,
-2.227112632,,,,,,,,,,,
-1.699333605,,,,,,,,,,,
-0.275846063,,,,,,,,,,,
1.228955586,,,,,,,,,,,
1.309705906,,,,,,,,,,,
-1.154982635,,,,,,,,,,,
-0.177632196,,,,,,,,,,,
-1.510456375,,,,,,,,,,,
1.011207064,,,,,,,,,,,
-1.476562661,,,,,,,,,,,
-0.143195745,,,,,,,,,,,
1.032983779,,,,,,,,,,,
-0.222414029,,,,,,,,,,,
1.470160344,,,,,,,,,,,
-0.870008223,,,,,,,,,,,
0.36919047,,,,,,,,,,,
0.853282186,,,,,,,,,,,
-0.13971173,,,,,,,,,,,
1.386314264,,,,,,,,,,,
0.548129585,,,,,,,,,,,
-1.637449593,,,,,,,,,,,
3.958602704,,,,,,,,,,,
0.648643644,,,,,,,,,,,
0.107343294,,,,,,,,,,,
-1.398812819,,,,,,,,,,,
0.081767819,,,,,,,,,,,
-0.459942831,,,,,,,,,,,
0.644353666,,,,,,,,,,,
0.371670291,,,,,,,,,,,
1.853009485,,,,,,,,,,,
0.142251373,,,,,,,,,,,
0.51350548,,,,,,,,,,,
0.372456852,,,,,,,,,,,
-0.148489803,,,,,,,,,,,
-0.183400197,,,,,,,,,,,
1.101000203,,,,,,,,,,,
0.780027135,,,,,,,,,,,
-0.629441604,,,,,,,,,,,
-1.113436103,,,,,,,,,,,
-0.067410025,,,,,,,,,,,
1.161439982,,,,,,,,,,,
-0.027529386,,,,,,,,,,,
1.746435089,,,,,,,,,,,
-0.775070287,,,,,,,,,,,
0.141640538,,,,,,,,,,,
-2.516303861,,,,,,,,,,,
-0.595667881,,,,,,,,,,,
-0.309121319,,,,,,,,,,,
0.510937774,,,,,,,,,,,
1.710661839,,,,,,,,,,,
0.034943589,,,,,,,,,,,
1.453917582,,,,,,,,,,,
0.661681076,,,,,,,,,,,
0.98635218,,,,,,,,,,,
-0.466154857,,,,,,,,,,,
1.384991344,,,,,,,,,,,
-1.072964279,,,,,,,,,,,
0.495158611,,,,,,,,,,,
-0.952062101,,,,,,,,,,,
-0.518145552,,,,,,,,,,,
-1.461403605,,,,,,,,,,,
-0.516347909,,,,,,,,,,,
0.351116897,,,,,,,,,,,
-0.068770463,,,,,,,,,,,
-1.347764941,,,,,,,,,,,
1.470739857,,,,,,,,,,,
0.337220938,,,,,,,,,,,
1.008065433,,,,,,,,,,,
0.78522692,,,,,,,,,,,
-0.664867767,,,,,,,,,,,
-1.945046959,,,,,,,,,,,
-0.915424368,,,,,,,,,,,
1.225155849,,,,,,,,,,,
-1.053546074,,,,,,,,,,,
0.816043684,,,,,,,,,,,
-0.612406973,,,,,,,,,,,
0.393109245,,,,,,,,,,,
-1.823919853,,,,,,,,,,,
1.167075166,,,,,,,,,,,
-0.0396687,,,,,,,,,,,
0.885825799,,,,,,,,,,,
0.189861649,,,,,,,,,,,
0.798063795,,,,,,,,,,,
-0.101932039,,,,,,,,,,,
0.743356544,,,,,,,,,,,
-1.509572684,,,,,,,,,,,
-1.080710692,,,,,,,,,,,
0.725474004,,,,,,,,,,,
-0.039178256,,,,,,,,,,,
-0.228754171,,,,,,,,,,,
-0.179612295,,,,,,,,,,,
0.501725109,,,,,,,,,,,
-0.593343754,,,,,,,,,,,
0.510307597,,,,,,,,,,,
-0.915791849,,,,,,,,,,,
-0.407252043,,,,,,,,,,,
0.984951672,,,,,,,,,,,
1.071252428,,,,,,,,,,,
-1.09715436,,,,,,,,,,,
0.838634747,,,,,,,,,,,
-1.039182322,,,,,,,,,,,
0.733023232,,,,,,,,,,,
-1.898812059,,,,,,,,,,,
-1.117110692,,,,,,,,,,,
-0.508972278,,,,,,,,,,,
-0.166485955,,,,,,,,,,,
1.423614429,,,,,,,,,,,
0.903999174,,,,,,,,,,,
1.575467909,,,,,,,,,,,
1.206607898,,,,,,,,,,,
-0.282863552,,,,,,,,,,,
-0.266326884,,,,,,,,,,,
1.068971622,,,,,,,,,,,
0.040371431,,,,,,,,,,,
-0.156993672,,,,,,,,,,,
-1.335202723,,,,,,,,,,,
-0.106460122,,,,,,,,,,,
-2.790996407,,,,,,,,,,,
-0.456117555,,,,,,,,,,,
-0.979890252,,,,,,,,,,,
0.692574348,,,,,,,,,,,
-0.478672356,,,,,,,,,,,
-0.329051549,,,,,,,,,,,
1.347105465,,,,,,,,,,,
-1.049067745,,,,,,,,,,,
0.316658895,,,,,,,,,,,
-1.895266947,,,,,,,,,,,
0.089729117,,,,,,,,,,,
0.410265745,,,,,,,,,,,
0.859870972,,,,,,,,,,,
-0.898683193,,,,,,,,,,,
0.319656942,,,,,,,,,,,
0.3181542,,,,,,,,,,,
-0.019231634,,,,,,,,,,,
0.150016279,,,,,,,,,,,
0.463534322,,,,,,,,,,,
0.397880425,,,,,,,,,,,
-0.996010889,,,,,,,,,,,
-1.19586151,,,,,,,,,,,
2.505980285,,,,,,,,,,,
1.919792286,,,,,,,,,,,
-1.391693876,,,,,,,,,,,
0.450217742,,,,,,,,,,,
0.627437083,,,,,,,,,,,
0.751337235,,,,,,,,,,,
0.140395436,,,,,,,,,,,
-0.926871939,,,,,,,,,,,
-0.182420406,,,,,,,,,,,
-0.491125138,,,,,,,,,,,
0.134373116,,,,,,,,,,,
-0.268371304,,,,,,,,,,,
-0.131675626,,,,,,,,,,,
1.018552475,,,,,,,,,,,
1.2305582,,,,,,,,,,,
-1.181103173,,,,,,,,,,,
-0.459930104,,,,,,,,,,,
-0.790799954,,,,,,,,,,,
1.223722212,,,,,,,,,,,
-0.059367903,,,,,,,,,,,
1.448989404,,,,,,,,,,,
-0.477580855,,,,,,,,,,,
0.025999994,,,,,,,,,,,
-1.348696447,,,,,,,,,,,
1.302535536,,,,,,,,,,,
-0.362612088,,,,,,,,,,,
-1.485156451,,,,,,,,,,,
-0.592461285,,,,,,,,,,,
-2.304907938,,,,,,,,,,,
-0.031817173,,,,,,,,,,,
0.112487742,,,,,,,,,,,
0.288078167,,,,,,,,,,,
1.498108184,,,,,,,,,,,
-0.300976154,,,,,,,,,,,
0.807455917,,,,,,,,,,,
0.312238689,,,,,,,,,,,
-0.19332164,,,,,,,,,,,
-2.076802022,,,,,,,,,,,
0.947501167,,,,,,,,,,,
-0.503973949,,,,,,,,,,,
0.017955892,,,,,,,,,,,
-1.270460776,,,,,,,,,,,
0.282995534,,,,,,,,,,,
0.108030817,,,,,,,,,,,
0.029417619,,,,,,,,,,,
-0.134793129,,,,,,,,,,,
1.049218291,,,,,,,,,,,
0.966220863,,,,,,,,,,,
0.725916853,,,,,,,,,,,
3.321078756,,,,,,,,,,,
-0.60022533,,,,,,,,,,,
-0.379517516,,,,,,,,,,,
-1.014803691,,,,,,,,,,,
0.435986196,,,,,,,,,,,
-0.687487393,,,,,,,,,,,
-2.698361742,,,,,,,,,,,
-1.213338126,,,,,,,,,,,
0.072251899,,,,,,,,,,,
1.009787335,,,,,,,,,,,
-1.556941558,,,,,,,,,,,
-0.612442128,,,,,,,,,,,
-0.139351805,,,,,,,,,,,
-0.728537489,,,,,,,,,,,
0.531163793,,,,,,,,,,,
0.004000842,,,,,,,,,,,
0.321265914,,,,,,,,,,,
-0.725214926,,,,,,,,,,,
1.536536328,,,,,,,,,,,
-0.000375009,,,,,,,,,,,
1.293549621,,,,,,,,,,,
-0.438997664,,,,,,,,,,,
0.590039464,,,,,,,,,,,
-0.679383783,,,,,,,,,,,
-0.950909251,,,,,,,,,,,
-0.704350332,,,,,,,,,,,
-0.045866686,,,,,,,,,,,
-0.218733459,,,,,,,,,,,
1.53920701,,,,,,,,,,,
-1.14870423,,,,,,,,,,,
-1.090338332,,,,,,,,,,,
1.700188147,,,,,,,,,,,
0.608783659,,,,,,,,,,,
-1.881410867,,,,,,,,,,,
0.497269099,,,,,,,,,,,
0.237332699,,,,,,,,,,,
-2.144444047,,,,,,,,,,,
-0.369562425,,,,,,,,,,,
-0.017454952,,,,,,,,,,,
0.731402517,,,,,,,,,,,
0.954495667,,,,,,,,,,,
0.095746771,,,,,,,,,,,
1.033450803,,,,,,,,,,,
-0.146273275,,,,,,,,,,,
-0.857496825,,,,,,,,,,,
-0.934181843,,,,,,,,,,,
0.542645295,,,,,,,,,,,
-1.958169086,,,,,,,,,,,
0.677807571,,,,,,,,,,,
-1.106573067,,,,,,,,,,,
-0.359224096,,,,,,,,,,,
0.505381903,,,,,,,,,,,
1.217940901,,,,,,,,,,,
-1.940680964,,,,,,,,,,,
-0.806178212,,,,,,,,,,,
0.049061692,,,,,,,,,,,
-0.596086335,,,,,,,,,,,
0.861623101,,,,,,,,,,,
-2.086390565,,,,,,,,,,,
0.361801641,,,,,,,,,,,
0.425920177,,,,,,,,,,,
0.049080397,,,,,,,,,,,
1.102236733,,,,,,,,,,,
-1.229574254,,,,,,,,,,,
1.108616758,,,,,,,,,,,
-0.702920403,,,,,,,,,,,
0.725550518,,,,,,,,,,,
-0.324204219,,,,,,,,,,,
0.814343129,,,,,,,,,,,
0.78046993,,,,,,,,,,,
-1.464053574,,,,,,,,,,,
-0.154491194,,,,,,,,,,,
-0.092432319,,,,,,,,,,,
-0.237875265,,,,,,,,,,,
-0.755662765,,,,,,,,,,,
1.851437895,,,,,,,,,,,
0.209096677,,,,,,,,,,,
1.555015994,,,,,,,,,,,
-0.569148654,,,,,,,,,,,
-1.061796761,,,,,,,,,,,
0.132247779,,,,,,,,,,,
-0.563236604,,,,,,,,,,,
2.390145962,,,,,,,,,,,
0.245422849,,,,,,,,,,,
1.152599135,,,,,,,,,,,
-0.224235772,,,,,,,,,,,
-0.326061306,,,,,,,,,,,
-0.030911418,,,,,,,,,,,
0.355717262,,,,,,,,,,,
0.849586845,,,,,,,,,,,
-0.122154015,,,,,,,,,,,
-0.680851574,,,,,,,,,,,
-1.067876576,,,,,,,,,,,
-0.076679363,,,,,,,,,,,
0.572962726,,,,,,,,,,,
0.457947076,,,,,,,,,,,
-0.017817549,,,,,,,,,,,
-0.600138799,,,,,,,,,,,
0.146765263,,,,,,,,,,,
0.571804879,,,,,,,,,,,
-0.036817657,,,,,,,,,,,
0.112368489,,,,,,,,,,,
-0.150504326,,,,,,,,,,,
0.915499268,,,,,,,,,,,
-0.438200267,,,,,,,,,,,
0.185535621,,,,,,,,,,,
0.39442803,,,,,,,,,,,
0.725522558,,,,,,,,,,,
1.495884766,,,,,,,,,,,
0.675453809,,,,,,,,,,,
0.599213235,,,,,,,,,,,
-1.470237089,,,,,,,,,,,
0.606403944,,,,,,,,,,,
2.293717612,,,,,,,,,,,
-0.830010986,,,,,,,,,,,
-1.019519849,,,,,,,,,,,
-0.214653842,,,,,,,,,,,
1.021248126,,,,,,,,,,,
0.524750492,,,,,,,,,,,
-0.477124206,,,,,,,,,,,
-0.035990182,,,,,,,,,,,
1.037038982,,,,,,,,,,,
0.672619748,,,,,,,,,,,
2.42887697,,,,,,,,,,,
1.00568668,,,,,,,,,,,
0.353567216,,,,,,,,,,,
0.614726276,,,,,,,,,,,
-0.348984191,,,,,,,,,,,
-0.977773002,,,,,,,,,,,
0.171957132,,,,,,,,,,,
0.490561044,,,,,,,,,,,
-1.395283025,,,,,,,,,,,
-0.522356465,,,,,,,,,,,
-0.369255902,,,,,,,,,,,
0.265642403,,,,,,,,,,,
-0.260466059,,,,,,,,,,,
0.44509671,,,,,,,,,,,
0.098112246,,,,,,,,,,,
1.060327509,,,,,,,,,,,
-1.71116766,,,,,,,,,,,
1.657124638,,,,,,,,,,,
1.417674013,,,,,,,,,,,
0.050317086,,,,,,,,,,,
0.650323214,,,,,,,,,,,
0.6065484,,,,,,,,,,,
-0.737289628,,,,,,,,,,,
0.164665066,,,,,,,,,,,
0.778174179,,,,,,,,,,,
0.309816759,,,,,,,,,,,
1.051320768,,,,,,,,,,,
0.09499611,,,,,,,,,,,
0.080750989,,,,,,,,,,,
-0.767803746,,,,,,,,,,,
-0.36453805,,,,,,,,,,,
-0.459717681,,,,,,,,,,,
1.705483518,,,,,,,,,,,
0.240505552,,,,,,,,,,,
-0.999426501,,,,,,,,,,,
0.398598388,,,,,,,,,,,
-0.192003697,,,,,,,,,,,
-3.05376438,,,,,,,,,,,
0.479852371,,,,,,,,,,,
-1.552698783,,,,,,,,,,,
0.57846442,,,,,,,,,,,
-0.961263599,,,,,,,,,,,
-1.45832446,,,,,,,,,,,
0.494341651,,,,,,,,,,,
-1.494193765,,,,,,,,,,,
-0.446699203,,,,,,,,,,,
0.204377395,,,,,,,,,,,
0.612232523,,,,,,,,,,,
0.744884536,,,,,,,,,,,
-0.036281289,,,,,,,,,,,
-0.832395348,,,,,,,,,,,
1.923815426,,,,,,,,,,,
-0.605981321,,,,,,,,,,,
1.803588981,,,,,,,,,,,
-0.452524973,,,,,,,,,,,
1.161285693,,,,,,,,,,,
1.069965539,,,,,,,,,,,
-1.045534247,,,,,,,,,,,
0.355284507,,,,,,,,,,,
0.755392029,,,,,,,,,,,
0.700982122,,,,,,,,,,,
-0.19893745,,,,,,,,,,,
0.301960045,,,,,,,,,,,
-0.394689681,,,,,,,,,,,
-1.171813379,,,,,,,,,,,
0.984012237,,,,,,,,,,,
-0.559681422,,,,,,,,,,,
1.379758192,,,,,,,,,,,
0.602450901,,,,,,,,,,,
-0.892646674,,,,,,,,,,,
-0.16119832,,,,,,,,,,,
-0.286384915,,,,,,,,,,,
-0.87088765,,,,,,,,,,,
0.50142959,,,,,,,,,,,
-0.478614074,,,,,,,,,,,
1.631691514,,,,,,,,,,,
0.860891241,,,,,,,,,,,
-0.880189065,,,,,,,,,,,
-0.019000522,,,,,,,,,,,
-0.226760192,,,,,,,,,,,
-1.564507854,,,,,,,,,,,
0.931255679,,,,,,,,,,,
0.949808815,,,,,,,,,,,
0.925501215,,,,,,,,,,,
-0.456987858,,,,,,,,,,,
1.068985972,,,,,,,,,,,
-0.209752935,,,,,,,,,,,
0.93514778,,,,,,,,,,,
1.812527815,,,,,,,,,,,
0.140109881,,,,,,,,,,,
-1.419148777,,,,,,,,,,,
-0.316901197,,,,,,,,,,,
0.640985866,,,,,,,,,,,
1.219874379,,,,,,,,,,,
-1.133792035,,,,,,,,,,,
-0.190548298,,,,,,,,,,,
0.233339126,,,,,,,,,,,
0.434998324,,,,,,,,,,,
0.910423603,,,,,,,,,,,
-0.948439656,,,,,,,,,,,
-0.423478297,,,,,,,,,,,
1.007966478,,,,,,,,,,,
0.392334911,,,,,,,,,,,
0.448380651,,,,,,,,,,,
1.125323499,,,,,,,,,,,
0.10405339,,,,,,,,,,,
0.528003422,,,,,,,,,,,
-0.314563862,,,,,,,,,,,
-1.34501002,,,,,,,,,,,
-1.295257885,,,,,,,,,,,
0.074320554,,,,,,,,,,,
-0.199560718,,,,,,,,,,,
-0.654603169,,,,,,,,,,,
0.318014296,,,,,,,,,,,
-0.890271552,,,,,,,,,,,
0.111337266,,,,,,,,,,,
-0.019522558,,,,,,,,,,,
-0.839988915,,,,,,,,,,,
-2.298205881,,,,,,,,,,,
1.456527386,,,,,,,,,,,
0.316637236,,,,,,,,,,,
-2.664125939,,,,,,,,,,,
-0.426428618,,,,,,,,,,,
0.393787731,,,,,,,,,,,
-0.228140691,,,,,,,,,,,
0.580330113,,,,,,,,,,,
-0.973267585,,,,,,,,,,,
0.175167729,,,,,,,,,,,
-0.053483693,,,,,,,,,,,
-0.183061987,,,,,,,,,,,
-0.221028902,,,,,,,,,,,
0.199759555,,,,,,,,,,,
0.932721414,,,,,,,,,,,
-0.5301198,,,,,,,,,,,
-0.407240024,,,,,,,,,,,
0.160564992,,,,,,,,,,,
-0.120149976,,,,,,,,,,,
0.385602292,,,,,,,,,,,
0.718290736,,,,,,,,,,,
1.291188903,,,,,,,,,,,
-0.116444148,,,,,,,,,,,
-2.277297997,,,,,,,,,,,
-0.069624539,,,,,,,,,,,
0.353870427,,,,,,,,,,,
-0.186955017,,,,,,,,,,,
-0.153236162,,,,,,,,,,,
-2.432508513,,,,,,,,,,,
0.507984337,,,,,,,,,,,
-0.324032329,,,,,,,,,,,
-1.511076608,,,,,,,,,,,
-0.871422066,,,,,,,,,,,
-0.864829941,,,,,,,,,,,
0.608749082,,,,,,,,,,,
0.561638097,,,,,,,,,,,
1.514750382,,,,,,,,,,,
0.647924812,,,,,,,,,,,
-1.351649385,,,,,,,,,,,
-1.409209276,,,,,,,,,,,
1.130725355,,,,,,,,,,,
1.566686201,,,,,,,,,,,
-0.237748098,,,,,,,,,,,
0.558802988,,,,,,,,,,,
-1.504891284,,,,,,,,,,,
-1.943921758,,,,,,,,,,,
-1.174023677,,,,,,,,,,,
-0.357187526,,,,,,,,,,,
-0.521376385,,,,,,,,,,,
-0.230114063,,,,,,,,,,,
-0.491014433,,,,,,,,,,,
0.679301145,,,,,,,,,,,
1.427546951,,,,,,,,,,,
0.036197463,,,,,,,,,,,
2.029997487,,,,,,,,,,,
-0.63440471,,,,,,,,,,,
-0.525103394,,,,,,,,,,,
0.387734663,,,,,,,,,,,
-0.354798762,,,,,,,,,,,
1.177052256,,,,,,,,,,,
-0.641107815,,,,,,,,,,,
1.322693985,,,,,,,,,,,
0.194175016,,,,,,,,,,,
2.565452781,,,,,,,,,,,
-0.464114906,,,,,,,,,,,
-0.202693908,,,,,,,,,,,
0.145651817,,,,,,,,,,,
-2.181027967,,,,,,,,,,,
0.602265128,,,,,,,,,,,
0.480846113,,,,,,,,,,,
0.109318364,,,,,,,,,,,
-1.544395781,,,,,,,,,,,
-1.54656104,,,,,,,,,,,
0.586618519,,,,,,,,,,,
1.175178688,,,,,,,,,,,
1.594464632,,,,,,,,,,,
-0.895441524,,,,,,,,,,,
-1.030798028,,,,,,,,,,,
-0.2719388,,,,,,,,,,,
-1.975730142,,,,,,,,,,,
-0.588931176,,,,,,,,,,,
0.851789638,,,,,,,,,,,
1.634602501,,,,,,,,,,,
0.279155454,,,,,,,,,,,
1.640553649,,,,,,,,,,,
0.410872938,,,,,,,,,,,
0.191363915,,,,,,,,,,,
-0.171441187,,,,,,,,,,,
0.186937046,,,,,,,,,,,
-0.254852947,,,,,,,,,,,
-0.140910752,,,,,,,,,,,
-0.661891835,,,,,,,,,,,
0.259031902,,,,,,,,,,,
0.014448415,,,,,,,,,,,
-1.479580035,,,,,,,,,,,
-0.240700502,,,,,,,,,,,
-0.855671392,,,,,,,,,,,
-2.048200459,,,,,,,,,,,
0.483883649,,,,,,,,,,,
1.558688255,,,,,,,,,,,
2.369730189,,,,,,,,,,,
1.562419529,,,,,,,,,,,
-0.870801553,,,,,,,,,,,
1.175244993,,,,,,,,,,,
1.119899004,,,,,,,,,,,
-1.987829531,,,,,,,,,,,
0.861288515,,,,,,,,,,,
0.627177035,,,,,,,,,,,
0.16280825,,,,,,,,,,,
0.288616716,,,,,,,,,,,
0.058307383,,,,,,,,,,,
1.631935849,,,,,,,,,,,
-0.401788834,,,,,,,,,,,
-0.199939393,,,,,,,,,,,
0.007388984,,,,,,,,,,,
0.275664075,,,,,,,,,,,
-1.763249801,,,,,,,,,,,
1.38797381,,,,,,,,,,,
0.226199757,,,,,,,,,,,
0.569124596,,,,,,,,,,,
0.197315992,,,,,,,,,,,
-0.186441271,,,,,,,,,,,
-0.355241513,,,,,,,,,,,
0.096114142,,,,,,,,,,,
0.152052341,,,,,,,,,,,
1.155261755,,,,,,,,,,,
0.346057746,,,,,,,,,,,
-0.133488669,,,,,,,,,,,
1.986565111,,,,,,,,,,,
-1.279426156,,,,,,,,,,,
-1.340209176,,,,,,,,,,,
0.354602052,,,,,,,,,,,
-0.212373285,,,,,,,,,,,
-1.774595988,,,,,,,,,,,
-0.312229661,,,,,,,,,,,
-0.710655771,,,,,,,,,,,
1.1311286,,,,,,,,,,,
-0.62125177,,,,,,,,,,,
1.050614649,,,,,,,,,,,
0.4597817,,,,,,,,,,,
-0.206330912,,,,,,,,,,,
0.021171829,,,,,,,,,,,
0.42865874,,,,,,,,,,,
-2.308038514,,,,,,,,,,,
0.327068408,,,,,,,,,,,
-0.379119611,,,,,,,,,,,
1.797919366,,,,,,,,,,,
-0.691268957,,,,,,,,,,,
1.14256392,,,,,,,,,,,
-2.514924624,,,,,,,,,,,
0.814625015,,,,,,,,,,,
0.276102754,,,,,,,,,,,
-0.247016491,,,,,,,,,,,
-0.12088931,,,,,,,,,,,
-0.260560591,,,,,,,,,,,
0.42300321,,,,,,,,,,,
-0.134248565,,,,,,,,,,,
-1.787737708,,,,,,,,,,,
-0.185810857,,,,,,,,,,,
2.234721738,,,,,,,,,,,
0.046846205,,,,,,,,,,,
0.290787946,,,,,,,,,,,
-0.438054507,,,,,,,,,,,
0.174054466,,,,,,,,,,,
0.177945558,,,,,,,,,,,
-0.261201919,,,,,,,,,,,
0.863263399,,,,,,,,,,,
-0.923077957,,,,,,,,,,,
-0.130195208,,,,,,,,,,,
0.505053752,,,,,,,,,,,
-0.267004179,,,,,,,,,,,
-1.223879651,,,,,,,,,,,
0.558264219,,,,,,,,,,,
-0.982160958,,,,,,,,,,,
-0.447308162,,,,,,,,,,,
-0.828147589,,,,,,,,,,,
-0.110728414,,,,,,,,,,,
-0.429385973,,,,,,,,,,,
-0.474589867,,,,,,,,,,,
0.680978927,,,,,,,,,,,
1.762608901,,,,,,,,,,,
-0.357514214,,,,,,,,,,,
0.522655174,,,,,,,,,,,
-0.35541349,,,,,,,,,,,
0.098942246,,,,,,,,,,,
1.127751345,,,,,,,,,,,
0.050293239,,,,,,,,,,,
-0.815547351,,,,,,,,,,,
-0.729926612,,,,,,,,,,,
-0.616746425,,,,,,,,,,,
-0.013304221,,,,,,,,,,,
0.858011452,,,,,,,,,,,
-1.358796841,,,,,,,,,,,
-1.037289169,,,,,,,,,,,
-0.924541212,,,,,,,,,,,
-1.749405422,,,,,,,,,,,
1.325922683,,,,,,,,,,,
-0.036378644,,,,,,,,,,,
1.90077932,,,,,,,,,,,
-1.424333675,,,,,,,,,,,
1.294182313,,,,,,,,,,,
-0.701648532,,,,,,,,,,,
-0.407369685,,,,,,,,,,,
-0.988964457,,,,,,,,,,,
-0.949863859,,,,,,,,,,,
-1.323745411,,,,,,,,,,,
0.216332958,,,,,,,,,,,
-1.314201033,,,,,,,,,,,
-0.241801865,,,,,,,,,,,
-0.009201544,,,,,,,,,,,
0.666610685,,,,,,,,,,,
0.100391722,,,,,,,,,,,
0.321325833,,,,,,,,,,,
0.514411561,,,,,,,,,,,
-0.017250865,,,,,,,,,,,
0.363347919,,,,,,,,,,,
-0.979720191,,,,,,,,,,,
-0.775470435,,,,,,,,,,,
1.897510807,,,,,,,,,,,
-0.011734214,,,,,,,,,,,
-0.710500675,,,,,,,,,,,
1.379879901,,,,,,,,,,,
-0.156842611,,,,,,,,,,,
-0.646491027,,,,,,,,,,,
-1.448991549,,,,,,,,,,,
0.779491866,,,,,,,,,,,
-1.086300907,,,,,,,,,,,
-0.53903258,,,,,,,,,,,
0.644099988,,,,,,,,,,,
0.183633574,,,,,,,,,,,
-0.086426874,,,,,,,,,,,
-0.213987782,,,,,,,,,,,
1.145927354,,,,,,,,,,,
2.230274148,,,,,,,,,,,
-0.548760829,,,,,,,,,,,
0.568904091,,,,,,,,,,,
1.928800305,,,,,,,,,,,
1.079057055,,,,,,,,,,,
-0.686831626,,,,,,,,,,,
-0.430680627,,,,,,,,,,,
-0.597968543,,,,,,,,,,,
-0.91344341,,,,,,,,,,,
-0.623905153,,,,,,,,,,,
0.261875479,,,,,,,,,,,
-0.587029005,,,,,,,,,,,
0.876199863,,,,,,,,,,,
0.123255464,,,,,,,,,,,
-0.397125683,,,,,,,,,,,
0.88608992,,,,,,,,,,,
0.318971826,,,,,,,,,,,
0.264867626,,,,,,,,,,,
1.040038455,,,,,,,,,,,
0.573265449,,,,,,,,,,,
-0.108898467,,,,,,,,,,,
0.937554843,,,,,,,,,,,
0.309317802,,,,,,,,,,,
2.917308763,,,,,,,,,,,
1.098688501,,,,,,,,,,,
1.153212621,,,,,,,,,,,
1.290993372,,,,,,,,,,,
0.079839611,,,,,,,,,,,
1.312895412,,,,,,,,,,,
0.023357028,,,,,,,,,,,
-0.831173403,,,,,,,,,,,
-0.563986458,,,,,,,,,,,
0.527950554,,,,,,,,,,,
-1.561119891,,,,,,,,,,,
0.208352921,,,,,,,,,,,
-0.728350085,,,,,,,,,,,
0.718216383,,,,,,,,,,,
-0.746173711,,,,,,,,,,,
1.872303262,,,,,,,,,,,
0.767818129,,,,,,,,,,,
-1.268858959,,,,,,,,,,,
1.75875935,,,,,,,,,,,
-0.227252509,,,,,,,,,,,
-0.72747611,,,,,,,,,,,
-1.023799316,,,,,,,,,,,
0.56776474,,,,,,,,,,,
1.504521867,,,,,,,,,,,
-0.578426973,,,,,,,,,,,
-0.997620842,,,,,,,,,,,
-1.139700088,,,,,,,,,,,
1.496405311,,,,,,,,,,,
1.670729222,,,,,,,,,,,
-0.34847114,,,,,,,,,,,
0.537705087,,,,,,,,,,,
-0.00290545,,,,,,,,,,,
-0.060630302,,,,,,,,,,,
0.964022632,,,,,,,,,,,
0.440956001,,,,,,,,,,,
0.329489967,,,,,,,,,,,
-0.292578935,,,,,,,,,,,
